{
  "train_loss": [
    1.1798335946578946,
    0.632820717110816,
    0.629825161356065,
    0.6288453688569091,
    0.6280334866950633,
    0.6281850150855327,
    0.6277695253353428,
    0.6273767274838907,
    0.6274457254654003,
    0.6271745596012032
  ],
  "val_loss": [
    0.5867951216274186,
    0.5827636007023486,
    0.5799969419052726,
    0.5792434403770849,
    0.5794791285144655,
    0.5816950811759422,
    0.5792707612639979,
    0.5782890433543607,
    0.5779930780592718,
    0.5776241186418032
  ],
  "epoch_time": [
    168.59448385238647,
    167.92862582206726,
    167.6207537651062,
    161.16001439094543,
    157.65290665626526,
    158.2201497554779,
    156.970205783844,
    156.17108726501465,
    150.4280242919922,
    149.7553584575653
  ]
}